Title,Artist,Genre,Verse1,Verse2,Verse3,Verse4,Verse5,Verse6,Verse7,Verse8,Chorus1,Chorus2,Chorus3,Chorus4,Chorus5,Chorus6,Chorus7,Chorus8
Hide And Seek,Imogen Heap,Vocal,A,E,F#,D,D,A,E,F#,A,E,F#,D,D,F#,F#,A
Mischievous Function - Ochame kinou,Gojimaji-P,Vocal,E,B,C#,C#,D#,E,B,C#,E,B,C#,C#,D#,E,B,C#
Bright Eyes,Art Garfunkel,Vocal,G,C,G,E,C,G,D,D,B,C,D,B,C,A,D,E
The Longest Time,Billy Joel,Vocal,E-,A-,E-,E-,B-,B-,B-,C,E-,B-,E-,A-,B-,E-,B-,E-
Okami - Reset,Capcom,Vocal,A,E,A,E,A,E,D,E,F,G,A,E,F,G,C,F
Deutschland,Die Prinzen,Vocal,A-,D-,E-,A-,D-,E-,A-,D-,A-,D-,E-,A-,D-,E-,A-,D-
On To Grasstown,Cave Story,Video Game,C,C,B-,B-,C,C,B-,B-,C,G,F,F,C,G,F,F
Doki Doki Literature Club OST - Your Reality,Dan Salvato,Video Game,C,A,F,G,C,A,F,G,C,D,G,C,A,D,G,C
Downstream,Braid Soundtrack,Video Game,E,G#,A,G#,A,D,D,E,A,F#,E,D,E,A,F#,D
Mega Man and Bass - Tengu Man Stage,Capcom,Video Game,A-,D,B-,C,B-,A-,A-,E-,G,C,C,G,C,C,F,C
Phoenix,All Levels at Once,Video Game,D#,E#,D#,A#,D#,E#,D#,A#,D#,B,F#,C#,D#,B,F#,C#
Super Hexagon Theme 1,Chipzel,Video Game,B-,B-,B-,B-,G-,G-,A-,F,B-,B-,B-,B-,G-,G-,A-,A-
Faster Than Light - Last Stand,Ben Prunty,Video Game,C#,C#,F#,C#,A,G#,C#,E,F#,A,C#,B,F#,A,C#,B
Mega Man and Bass - Intro Museum,Capcom,Video Game,C,F,C,D,G,C,F,C,F,D,C,F,A-,D,F,D
The Gluten Free Mambo Tango Experience,andres,Video Game,F,E,A,D,G,C,F,B-,C,C,F,B,E,E,C,E
Otis,Chipzel,Video Game,E,E,G,A,C,C,C,G,E,E,E,E,C,C,G,G
Okami - Reset,Capcom,Video Game,A,E,A,E,A,E,D,E,F,G,A,E,F,G,C,F
Apocalypse,All Levels at Once,Video Game,G#,B,F#,E,G#,B,F#,E,E,C#,F#,D#,G#,G#,E,C#
Futari Saison,Keyakizaka46,J-Pop,A-,E-,F,C,D-,C,B-,E-,D-,E-,C,F,D-,E-,C,F
Asu e no Houkou,JAM Project,J-Pop,C#,A,E,B,C#,F#,F#,G#,C#,E,A,B,B,E,F#,G#
Okochoma Sensou,GigaP and Reol,J-Pop,A,F,G,A,F,G,A,F,A,F,G,A,F,G,A,G
Liminality,FELT,J-Pop,C,A-,C,A-,C,A-,C,C,A#,B,C#,D#,B,C#,D#,B
Galient World,EUROX,J-Pop,A,D,F,D,A,D,F,D,G,G,B,G,G,B,B,E
Sugar Rush,AKB48,J-Pop,G,D,B,A,G,D,B,A,D,E,B,A,D,E,B,A
Wooden Doll,Kenshi Yonezu,J-Pop,B-,C,B-,E-,B-,C,B-,E-,F,G,E-,B-,F,G,E-,B-
Aozora no Rhapsody,Fhana,J-Pop,E-,E-,E-,A-,F,E-,D,C,A-,C,D-,B-,C,F,B-,E-
Flyers - Death Parade OP,BRADIO,J-Pop,D-,F,G,A-,G,D-,F,G,C,G,D-,F,G,C,G,D-
Ouka Ranman,KEYTALK,J-Pop,B-,C,D,B-,C,F,B-,C,B-,C,F,D,B-,C,F,A
Macross 7 - Try Again,Fire Bomber,J-Pop,C,A,G,C,F,G,A,F,C,E,A,F,C,E,A,F
Dakishimete Dakishimete,Berryz Kobo,J-Pop,G#,C#,D#,G#,D#,C#,B,C#,G#,E,F#,B,C#,A#,E,D#
Love Live Sunshine - Mijuku DREAMER,Aqours,J-Pop,F,B-,D,F,F,D,A,F,F,C,C,C,G,C,C,C
Love Live - Mermaid festa vol 2 -Passionate-,Honoka Kousaka - Rin Hoshizora,J-Pop,F,C,D,C,C,B-,C,D,G,D,E,D,D,C,D,E
Mischievous Function - Ochame kinou,Gojimaji-P,J-Pop,E,B,C#,C#,D#,E,B,C#,E,B,C#,C#,D#,E,B,C#
Love Live Sunshine - MIRAI TICKET,Aqours,J-Pop,B-,E-,F,A,G,C,C,B-,G,C,D,F#,E,D,D,C
SONG FOR,FELT,J-Pop,A-,B-,C,C,A-,B-,D,B-,A-,B-,G,C,A-,B-,C,G
Closer,Joe Inoue,J-Pop,B,F#,G#,F#,B,E,B,C#,E,F#,B,G#,E,F#,B,G#
Tsukematsukeru,Kyary Pamyu Pamyu,J-Pop,D,A,D,F#,E,A,D,A,D,C#,B,A,D,C#,B,E
Blue Bird,Ikimono-gakari,J-Pop,F#,E,D,A,B,A,D,C#,D,C#,F#,B,E,A,D,C#
Connect,ClariS,J-Pop,A,A,B,B,B,G#,D#,C#,D,D,C,D,D,B,E,E
Lovelight - Bad Apple,Alstroemeria Records,J-Pop,D#,B,C#,C#,D#,B,C#,C#,B,C#,D#,B,C#,D#,B,C#
Only My Railgun,fripSide,J-Pop,F,E-,D-,E-,A-,E-,F,E-,G#,E,F#,B,F#,G#,E,C#
Level5- Judgelight  - To Aru Kagaku no Railgun OP2,fripSide,J-Pop,G#,D#,E,B,C#,F#,D#,G#,G#,D#,E,F#,B,C#,F#,B
Getter Robo,Isao Sasaki,J-Pop,F,C,F,D-,E-,C,F,C,G,A-,C,B-,C,F,E-,C
Sky Gate,FELT,J-Pop,G,B,G,B,G,B,G,B,G,A,B,G,A,B,G,A
Mag Mell Cuckool Mix 2007 - Clannad OP,Eufonius,J-Pop,B,A,G,A,B,A,E,B,E,C,G,A,D,E,C,D
VICTORY,JAM Project,J-Pop,A,E,F#,E,D,E,D,G#,D,G,C,F,F,B-,C,A
Love Live Sunshine - GALAXY HidE and SeeK,AZALEA,J-Pop,E-,D,E-,F,G,F,B-,F,F,F,F,F,E-,F,D,G
ASHIOTO,Akagami feat COCOROBO,J-Pop,D,G,A,B,D,G,A,B,G,D,A,B,G,D,A,C#
Yuyushiki OP - Seeno,FuwariP,J-Pop,F#,B,C#,D#,F#,B,C#,D#,G,C,D,E,G,C,D,E
Plastic Girl,Capsule,J-Pop,F,F,F,C,B-,A,D,B-,G,F,E,D,C,D,A,G
HARAJUKU IYAHOI,Kyary Pamyu Pamyu,J-Pop,E,G,C,D,E,G,C,G,C,G,D,E,C,G,D,E
Naruto Opening Bluebird,Ikimono Gakari,J-Pop,G#,B,E,B,C#,B,A#,D#,E,D#,G#,C#,F#,B,E,D#
The Cave,Mumford and Sons,Folk,C#,E,C#,E,C#,E,B,E,E,A,E,E,A,E,A,E
Something In The Water,Brooke Fraser,Folk,C,F,C,A,G,C,C,F,A,C,G,C,F,C,F,G
To France,Mike Oldfield,Folk,B,B,F#,A,F#,B,C#,D,D,F#,F#,F#,F#,F#,F#,D
Bright,Echosmith,Folk,F#,F#,C#,D#,D#,B,C#,F#,B,F#,D#,C#,B,F#,D#,C#
Jingle Bells,James Lord Pierpont,Folk,A,D,B,E,A,D,A,E,A,D,A,E,E,A,D,A
Danny's Song,Anne Murray,Folk,E,D#,C#,F#,B,B,E,D#,A,B,E,G#,C#,C#,A,B
King and Cross,Asgeir,Folk,A,G#,A,F#,A,G#,A,F#,A,B,C#,F#,A,B,C#,F#
Bare To The Bone,Carrie Newcomer,Folk,G,G,D,E,E,G,G,D,E,C#,D,G,D,E,C#,D
All 'Bout The Money,Meja,Folk,E,B,A,A,E,B,A,A,A,B,G#,B,A,B,C#,B
Hey Ya,Obadiah Parker,Folk,E,A,A,B,C#,E,A,A,E,A,A,B,C#,E,A,A
Little Talks,Of Monsters And Men,Folk,B-,G-,D-,B-,G-,D-,B-,G-,B-,G-,D-,A-,B-,G-,D-,A-
Little Lion Man,Mumford and Sons,Folk,D,D,F,F,D,D,F,F,D,B-,F,D,B-,F,D,B-
Big Jet Plane,Angus and Julia Stone,Folk,D-,B-,F,F,D-,B-,F,F,D-,B-,F,F,D-,B-,F,A-
Babel,Mumford and Sons,Folk,B,B,B,B,B,B,A,A,G,A,G,D,G,A,G,D
I Will Wait,Mumford and Sons,Folk,C,C,F,F,C,C,G,G,C,C,E,G,C,C,E,G
So Lonely,The Police,Reggae,C,G,A,F,C,G,A,F,C,G,A,F,C,G,A,F
No Woman No Cry,Bob Marley,Reggae,D-,A-,B-,G-,D-,A-,B-,G-,D-,A-,B-,G-,D-,G-,D-,E-
Ride,Twenty One Pilots,Reggae,F#,G#,D#,B,F#,G#,D#,B,F#,F#,F#,G#,D#,D#,D#,B
Santeria,Sublime,Reggae,E,B,C#,B,E,B,C#,B,A,B,E,B,C#,A,B,E
I Saw The Sign,Ace Of Base,Reggae,G,E,A,D,G,E,A,D,G,E,C,D,G,E,C,D
Let Me Down Easy,Derrick Harriott,Reggae,C,G,C,G,C,G,C,G,D,G,C,G,C,D,G,C
Rude,MAGIC,Reggae,G-,A-,D-,B-,G-,A-,D-,B-,G-,A-,D-,B-,G-,A-,D-,B-
Mamma Mia,ABBA,Worship,D,G,G,G,G,G,G,G,D,G,D,G,D,G,G,G
We Are Number One,Lazy Town,Worship,F,F,D-,C,F,F,D-,C,F,F,D-,C,F,F,D-,C
Satisfied in You,the Sing Team,Worship,D-,D-,D-,D-,A-,B-,B-,F,G-,D-,A-,B-,G-,D-,A-,A-
Blogoslawieni Milosierni,WYD Krakow 2016,Worship,C#,A,E,D#,A,E,B,B,E,B,C#,A,E,B,B,F#
All The People Say Amen,Matt Maher,Worship,C,G,D,E,C,G,D,E,G,D,G,C,G,D,C,G
Our God,Chris Tomlin,Worship,G#,E,B,G#,E,B,C#,C#,G#,E,B,F#,G#,E,B,F#
Archie Marry Me,Alvvays,Indie,G,D,A,C,G,D,A,C,G,D,D,D,A,C,G,D
Wooden Doll,Kenshi Yonezu,Indie,B-,C,B-,E-,B-,C,B-,E-,F,G,E-,B-,F,G,E-,B-
Somebody That I Used To Know,Gotye,Indie,D,C,D,C,D,C,D,C,D,C,B-,C,D,C,B-,C
Brighter Than Sunshine,Aqualung,Indie,D#,A#,A#,E,B,B,D#,A#,B,E,G#,G#,F#,F#,E,B
My Heart Will Go On,Celine Dion,Indie,E-,B-,A-,E-,B-,E-,B-,A-,C,B-,A-,B-,C,B-,A-,B-
Cosmic Love,Florence and the Machine,Indie,F,C,A,F,C,A,F,C,F,C,A,F,C,A,F,C
Clearest Blue,CHVRCHES,Indie,F#,F#,F#,F#,B,B,B,B,D#,D#,C#,C#,B,B,B,B
Surfing On A Rocket,Air,Indie,E-,E-,C,E-,E-,E-,C,C,A-,B-,B-,D,F,A-,B-,B-
Electric Bloom,Foals,Indie,F#,A,D,B,C#,F#,A,D,F#,A,D,B,C#,F#,A,D
What Would You Do,Bastille,Indie,D,B-,F,C,D,B-,F,C,D,B-,F,C,D,B-,F,C
Mykonos,Fleet Foxes,Indie,C#,B,A,B,G#,A,C#,B,F#,C#,G#,C#,F#,C#,B,A
A Fond Farewell,Elliott Smith,Indie,F#,B,F#,G#,D#,E#,B,G#,B,F#,F#,G#,B,F#,D#,G#
Flavors,Jack Conte,Indie,D-,F,C,A-,D-,F,C,A-,G#,F#,F#,F#,G#,F#,F#,F#
Casanova,Allie X,Indie,G,B,E,G,B,E,G,B,G,A,B,E,G,A,B,E
Kill V Maim,Grimes,Indie,B,D,G,E,B,D,G,E,B,D,G,E,B,D,G,E
Pumped Up Kicks,Foster the People,Indie,F,A-,E-,B-,F,A-,E-,B-,F,A-,E-,B-,F,A-,E-,B-
Trojkaty i Kwadraty,Dawid Podsiadlo,Indie,C,C,C,D,D,D,E,E,C,D,E,G,C,D,E,G
Life Itself,Glass Animals,Indie,C,B-,F,F,G,C,C,B-,C,G,G,F,G,C,C,G
Take Me Out,Franz Ferdinand,Indie,A,D,G,B,E,A,D,G,E,E,E,E,E,E,A,C
Breezeblocks,Alt-J,Indie,F,A,D,D,F,A,D,D,F,A,D,D,F,A,D,D
Don't Dream It's Over,Crowded House,Indie,E-,C,A-,G,E-,C,A-,G,A-,B-,E-,C,A-,B-,E-,C
Lord Of The Thunder,Rhapsody,Metal,F#,F#,E,F#,B,B,A,E,F#,C#,D,F#,B,F#,G#,C#
Through the Fire and Flames,Dragonforce,Metal,C,A-,B-,B-,B-,B-,C,C,E-,B-,A-,C,B-,A-,C,A-
Lake of tears,Gamma ray,Metal,C#,G#,C#,F#,C#,G#,B,F#,D#,B,F#,A#,G#,A#,B,F#
Emerald Sword,Rhapsody of Fire,Metal,C,G,E-,B-,F,C,G,G,A-,E-,F,C,D-,E-,A-,A-
Defy The Machine,Tommi Inkila,Metal,D,B-,D,D,B-,D,B-,D,D,B-,F,D,D,B-,F,D
Colossus,Borknagar,Metal,A,B,C#,B,A,B,A,B,E,E,B,G,B,E,E,D
Megalomachia - Ultraviolet,Yousuke Yasui,Metal,C,C,G,B-,F,F,G,C,A-,B-,C,B-,A-,B-,C,B-
Matinee,Franz Ferdinand,Alternative,C#,B,F#,F#,C#,B,F#,F#,B,B,D,D,B,B,D,D
Hollow Moon - Bad Wolf,Awolnation,Alternative,C,C,C,C,C,C,C,C,C,C,C,C,F,F,C,C
Pompeii,Bastille,Alternative,D,A,F#,E,E,D,A,F#,D,A,F#,E,D,A,F#,E
Do I Wanna Know,Arctic Monkeys,Alternative,G,E-,C,C,D,G,G,E-,G,G,E-,C,C,D,G,G
Somebody That I Used To Know,Gotye,Alternative,D,C,D,C,D,C,D,C,D,C,B-,C,D,C,B-,C
Milliontown,Frost,Alternative,D,B,D,B,D,B,D,B,F#,D#,B,F#,D#,B,D#,D#
Something Good,Alt-J,Alternative,E,C,G,E,C,G,E,C,E,D,G,B,E,D,G,B
When She's Near,Fiction Family,Alternative,C,C,C,C,G,C,C,G,A,C#,F#,C#,A,F#,C#,E
Backseat ft Carly Rae Jepsen,Charli XCX,Alternative,B-,D,C,B-,D,C,B-,D,B-,D,C,B-,D,C,B-,D
Roygbiv,Boards of Canada,Alternative,B,D,G,D,A,G,D,B,F,D,B,D,A,G,B,F
Whataya Want from Me,Adam Lambert,Alternative,B,A,D,G,D,G,B,A,G,A,B,D,G,A,B,D
Out Of My Head,Fastball,Alternative,E,G#,A,E,B,B,E,G#,E,B,C#,B,A,E,B,B
What Would You Do,Bastille,Alternative,D,B-,F,C,D,B-,F,C,D,B-,F,C,D,B-,F,C
Bachelorette,Bjork,Alternative,G,C,C,G,G,A,A,G,C,C,A-,D,C,C,A-,D
Human Behaviour,Bjork,Alternative,A,A,A,A,A,A,A,A,B-,B-,B-,B-,B-,B-,B-,B-
After Glow,Foals,Alternative,A,F,A,F,F,A,F,A,C,C,A,A,C,C,A,A
It's Oh So Quiet,Bjork,Alternative,B-,B-,B-,E-,F,G,F,A-,E-,B-,B-,B-,E-,A-,B-,A-
Casanova,Allie X,Alternative,G,B,E,G,B,E,G,B,G,A,B,E,G,A,B,E
Thinkin Bout You,Frank Ocean,Alternative,F,D,E,A,F,D,E,A,D,C,G,A,D,C,G,A
The Way,Fastball,Alternative,F#,F#,B,B,C#,C#,F#,F#,A,E,F#,C#,D,A,E,E
Life Itself,Glass Animals,Alternative,C,B-,F,F,G,C,C,B-,C,G,G,F,G,C,C,G
Take Me Out,Franz Ferdinand,Alternative,A,D,G,B,E,A,D,G,E,E,E,E,E,E,A,C
Lola,The Kinks,Punk,E,E,A,D#,E,E,A,A,B,B,B,B,A,A,A,A
Basketcase,Green Day,Punk,E-,B-,C,G,A-,E-,B-,B-,E-,A-,B-,E-,D,C,A-,B-
Bored To Death,Blink 182,Punk,A,C,F,A,C,F,A,C,C,C,G,G,A,A,F,F
I Miss You,Blink 182,Punk,B,F#,G#,F#,B,F#,G#,F#,B,F#,B,F#,E,B,F#,B
Leave It Alone,NOFX,Punk,F,F,C,C,D,C,B-,C,F,F,C,C,C,C,C,C
The Quiet Things That No One Ever Knows,Brand New,Punk,F#,B,D#,B,F#,B,D#,B,F#,D#,B,C#,F#,D#,B,C#
4ever,The Veronicas,Punk,F,F,B-,F,F,F,F,F,F,D-,A-,E-,F,D-,A-,E-
Supersonic,Bad Religion,Punk,E,G,E,C,B,E,G,E,C,D,G,D,C,D,G,B
All Torn Down,The Living End,Punk,C#,C#,C#,C#,C#,C#,C#,C#,A,B,E,A,B,E,A,B
Adam's Song,Blink 182,Punk,C,F,A,F,C,F,A,F,C,C,D,D,A,A,F,F
Thnks fr th Mmrs,Fall Out Boy,Punk,B-,B-,F,F,E-,B-,F,F,B-,G-,E-,G-,F,B-,G-,A-
Shoplifter,Green Day,Punk,E,A,E,E,B,E,A,E,C#,E,C#,A,B,B,B,B
Flagpole Sitta,Harvey Danger,Punk,D,D,D,D,D,D,D,D,D,D,D,D,D,D,D,D
The Only Exception,Paramore,Punk,B,B,D,E,B,B,D,E,B,B,D,E,B,B,D,E
Hold On We're Going Home,Drake,Hip-Hop-Rap,B,A,A,D,D,F#,E,B,E,B,B,A,A,D,D,F#
Changes,2pac,Hip-Hop-Rap,A,E,D,C,G,D,C,A,G,D,C,G,D,C,G,D
I Want to Know What Love Is,Foreigner,Hip-Hop-Rap,D#,C#,F#,B,D#,C#,F#,B,F#,D#,C#,G#,D#,C#,F#,D#
We Need A Resolution,Aaliyah,Hip-Hop-Rap,C#,B,B,B,B,C#,C#,B,C#,B,B,B,B,B,C#,C#
Arrows,Fences,Hip-Hop-Rap,G,C,E,C,G,C,E,C,C,E,G,C,G,C,E,G
Wake Me Up,Avicii,Hip-Hop-Rap,B,G,D,D,B,G,D,F#,B,G,D,D,B,G,D,F#
Club Can't Handle Me,Flo Rida,Hip-Hop-Rap,C,E,F,C,E,F,F,A,C,C,F,F,C,C,F,F
No No No Part 2,Destiny's Child,Hip-Hop-Rap,C,C,C,C,C,C,C,C,C,C,C,C,C,C,C,C
American Boy,Estelle,Hip-Hop-Rap,E,C,A,A,D,E,C,A,E,E,E,C,C,C,A,A
Mii Channel,Kazumi Totaka,Jazz,B,E,E,E,A#,B,E,C#,E,E,A#,E,D#,B,D#,B
Please Don't Shoot the Trombone Players,Andy Clark,Jazz,F,F,C,C,C,C,F,F,G,G,D,D,D,D,G,C
Haven't Met You Yet,Michael Buble,Jazz,D-,G-,E-,B-,A-,D-,G-,E-,A-,G-,A-,D-,G-,A-,B-,E-
Come Back,aivi and surasshu,Jazz,G,D,D,E,D,C,B,C,C,B,A,A,E,D,C,B
Sultans of Swing,Dire Straits,Jazz,D,C,B-,A,A,D,C,B-,F,C,B-,D,B-,B-,B-,B-
It's Oh So Quiet,Betty Hutton,Jazz,E-,B-,E-,E-,B-,B-,B-,B-,B-,B-,B-,E-,A-,A-,E-,E-
The Gluten Free Mambo Tango Experience,andres,Jazz,F,E,A,D,G,C,F,B-,C,C,F,B,E,E,C,E
Take A Bow,Madonna,Jazz,A-,E-,D-,D-,A-,B-,D-,A-,A-,A-,B-,B-,B-,E-,E-,A-
Flowers and Balloons,Bent Van Looy,Jazz,G,E-,E-,C,G,E-,E-,C,G,B-,F,F,F,G,B-,F
Million Reasons,Lady Gaga,Alt-Country,C,A,F,G,C,A,F,G,F,C,A,G,F,C,A,G
Before He Cheats,Carrie Underwood,Alt-Country,F#,E,D,C#,F#,E,D,C#,D,F#,D,F#,D,F#,C#,D
Milliontown,Frost,Alt-Country,D,B,D,B,D,B,D,B,F#,D#,B,F#,D#,B,D#,D#
Bright,Echosmith,Alt-Country,F#,F#,C#,D#,D#,B,C#,F#,B,F#,D#,C#,B,F#,D#,C#
My Heart Will Go On,Celine Dion,Alt-Country,E-,B-,A-,E-,B-,E-,B-,A-,C,B-,A-,B-,C,B-,A-,B-
Ka Nohona Pili Kai,Keali'i Reichel,Alt-Country,F#,F#,B,F#,B,F#,B,C#,F#,A#,D#,A#,B,F#,C#,C#
Amsterdam,Coldplay,Alt-Country,E-,B-,F,F,A-,E-,B-,F,B-,A-,E-,B-,B-,A-,E-,B-
Take Me To Church,Hozier,Alt-Country,E,A,E,A,G,A,E,A,G,B,B,B,E,B,G,A
All Torn Down,The Living End,Alt-Country,C#,C#,C#,C#,C#,C#,C#,C#,A,B,E,A,B,E,A,B
We Are Never Ever Getting Back Together,Taylor Swift,Alt-Country,C,G,G,D,E,D,C,G,C,G,D,E,D,C,G,D
I Wanna Be Where You Are,Jackson 5,Alt-Country,B,E,G,C#,D,B,E,G,F#,B,E,A,F#,B,E,A
The Nights,Avicii,Alt-Country,D#,D#,C#,D#,D#,D#,C#,D#,B,F#,C#,D#,C#,B,F#,C#
While My Guitar Gently Weeps,The Beatles,Alt-Country,A,A,D,F,A,G,D,E,A,C#,C#,F#,C#,C#,B,B
Goodbye Earl,Dixie Chicks,Alt-Country,C,F,C,G,C,F,C,G,C,F,C,G,F,C,F,C
Diamond Heart,Lady Gaga,Alt-Country,D#,C#,A#,D#,C#,A#,D#,C#,B,B,D#,C#,C#,C#,C#,C#
Love Me Like You Do,Ellie Goulding,Alt-Country,A-,C,F,F,D-,E-,F,F,A-,C,F,D-,B-,F,E-,E-
John Wayne,Lady Gaga,Alt-Country,B,A#,B,A#,E,E,D#,A#,B,A#,B,A#,E,D#,A#,B
Boom Clap,Charli XCX,Dance,A,B,E,C#,A,B,E,C#,A,B,E,C#,A,B,E,C#
Pompeii,Bastille,Dance,D,A,F#,E,E,D,A,F#,D,A,F#,E,D,A,F#,E
Knowing Me Knowing You,ABBA,Dance,D,E,E,B,B,F#,F#,D,B,G,A,A,D,G,A,A
Beautiful Life,Armin van Buuren,Dance,F,A,B-,C,A,C,B-,C,F,A,B-,C,A,C,B-,C
Genie in a Bottle,Christina Aguilera,Dance,F,E-,D-,F,E-,D-,F,E-,F,E-,D-,C,F,E-,D-,C
Treasure,Bruno Mars,Dance,B-,B-,B-,B-,B-,A-,A-,G,A-,A-,G,F,F,A-,G,G
Someone Like You,Adele,Dance,D,A,C#,F#,D,A,C#,F#,A,E,F#,D,A,E,F#,D
Better off Alone,Alice Deejay,Dance,E,D#,G#,F#,E,D#,G#,F#,E,D#,G#,F#,E,D#,G#,F#
Whataya Want from Me,Adam Lambert,Dance,B,A,D,G,D,G,B,A,G,A,B,D,G,A,B,D
Heart Of Glass,Blondie,Dance,E,E,C#,E,E,E,C#,E,A,F#,E,E,A,F#,E,E
Money Money Money,ABBA,Dance,A,A,E,E,A,A,E,E,A,E,B,E,A,A,E,B
The Nights,Avicii,Dance,D#,D#,C#,D#,D#,D#,C#,D#,B,F#,C#,D#,C#,B,F#,C#
Sweet Nothing,Calvin Harris,Dance,E,B,G#,F#,E,B,G#,F#,E,B,G#,F#,E,B,G#,F#
This Is What You Came For ft Rihanna,Calvin Harris,Dance,A,F,G,C,A,F,G,C,F,F,F,F,F,F,F,F
I'm Gonna Get You,Bizarre Inc,Dance,F,C,F,C,F,C,F,C,F,F,C,C,C,F,F,C
Song of the Caged Bird,Lindsey Stirling,Classical,F#,D,B,A,F#,D,B,A,F#,D,A,F#,A,F#,D,A
Ave Maria,Franz Schubert,Classical,B-,A,E-,F,G,C,F,B-,F,F,B-,F,G,F,F,C
Octavia,Marcus Werner,Classical,D,A,B-,F,D,A,B-,C,D,A,B-,F,D,A,B-,C
Heist,Lindsey Stirling,Classical,D,G,A,B-,C,D,B-,G,B-,G,D,C,B-,G,D,C
Rage Over a Lost Penny,Ludwig van Beethoven,Classical,E,E,B,B,E,E,B,B,E,E,B,E,B,C#,B,A
Piano Sonata No 14 ''Moonlight'' 3rd Movement,Ludwig Van Beethoven,Classical,F#,C#,F#,C#,F#,C#,F#,D,G#,D#,G#,D#,G#,C#,G#,D#
Elements,Lindsey Stirling,Classical,D,F,G,D,F,G,D,F,D,F,D,F,D,F,D,F
Mirror Haus,Lindsey Stirling,Classical,E,B,D,A,G,A,B,E,C,E,D,B,E,C,A,G
Nocturne 1 in Bb minor,Frederic Chopin,Classical,B-,B-,B-,D-,D-,D-,G-,G-,B-,B-,B-,F,F,F,E-,E-
Master Of Tides,Lindsey Stirling,Classical,E,E,E,E,E,E,E,E,A,A,A,A,D,D,D,D
The Magnificent Seven Theme,Elmer Bernstein,Classical,E-,A-,E-,D,F,B-,E-,C,E-,F,G,E-,D,B-,E-,C
Solveig's Song,Edvard Grieg,Classical,A,D,A,A,E,A,A,A,E,E,A,E,B,E,A,E
Livin La Vida Loca,Ricky Martin,Latin,C#,C#,C#,C#,C#,C#,C#,C#,C#,C#,B,C#,C#,C#,B,C#
Trouble is a Friend,Lenka,Latin,C,G,B-,C,G,B-,C,G,E-,B-,C,G,A-,E-,B-,B-
La Tortura ft Alejandro Sanz,Shakira,Latin,A,A,F,E,A,A,F,E,A,G,C,D,A,G,C,E
The One That Got Away,Katy Perry,Latin,E,E,G#,G#,C#,C#,A,A,E,G#,C#,A,E,G#,C#,A
Whenever Wherever,Shakira,Latin,C#,G#,A,E,B,C#,G#,A,C#,A,E,B,C#,A,F#,B
Spice Up Your Life,Spice Girls,Latin,F,C,F,C,F,C,F,C,F,C,F,C,F,C,F,C
Too Late To Apologize,One Republic,Latin,C,F,E-,B-,C,F,E-,B-,C,F,E-,B-,C,F,E-,B-
Good Stuff,LazyTown,Children's,D-,B-,E-,A-,D-,B-,A-,A-,D-,E-,D-,E-,D-,E-,F,G-
Oh Bubblegum,Adventure Time,Children's,G,E,C,D,G,E,C,D,G,D,B,D,G,D,B,D
Oogie Boogie's Song - Nightmare Before Christmas,Danny Elfman,Children's,A-,A-,A-,A-,G,A-,G,F,D#,G#,A#,D#,B,A#,G#,E#
Delfino Plaza,Koji Kondo,Children's,A,G#,B,E,A,G#,B,E,D,A,D,A,A,F#,F#,D
Jingle Bells,James Lord Pierpont,Children's,A,D,B,E,A,D,A,E,A,D,A,E,E,A,D,A
Bing Bang,LazyTown,Children's,B,D#,E,F#,B,D#,E,F#,D-,F,G-,A-,D-,F,G-,A-
Jack's Lament,Danny Elfman,Children's,B-,F,D-,G-,G-,F,E-,F,D,G,B,E,D,E,D,E
Sally's Song - The Nightmare Before Christmas,Catherine O'Hara - Danny Elfman,Children's,E,E,F#,F#,B,E,E,B,F#,F#,E,B,A,C,F#,E
His Cheeseburger,Veggie Tales,Children's,B,F#,E,E,B,F#,E,E,F#,B,F#,B,F#,C#,F#,B
Shot Heard 'Round the World,Schoolhouse Rock,Children's,A,D,G#,C#,A,F#,C#,D,C,B,E,F,E,D,G,A
Sometimes Y,Sloppy Pop,Children's,A,B,E,C#,A,F#,B,B,B,F#,C#,E,A,B,E,A
We Are Number One,Lazy Town,Children's,F,F,D-,C,F,F,D-,C,F,F,D-,C,F,F,D-,C
This Is Halloween - The Nightmare Before Christmas,Danny Elfman,Children's,C,D,D,C,C,B-,B-,C,G#,E,G#,E,G#,D#,G#,E
Once Upon A December,Anastasia,Children's,B,F#,F#,E,E,B,E,F#,E,E,B,B,F#,F#,B,B
You Are A Pirate,Lazy Town,Children's,F#,C#,F#,B,C#,F#,F#,C#,B-,F,B-,E-,F,B-,F,E-
Gizmo Guy,LazyTown,Children's,G,D,C,D,G,D,E,D,A,E,D,E,A,E,B,E
The Nights,Avicii,Children's,D#,D#,C#,D#,D#,D#,C#,D#,B,F#,C#,D#,C#,B,F#,C#
Sparks,Steerner ft Corey Saxon,Children's,G,A,D,B,G,A,D,A,G,A,D,B,G,A,D,A
Cooking By The Book,LazyTown,Children's,F,C,B-,G,C,F,C,B-,F,C,B-,A,G,F,C,B-
Friend Like Me - Aladdin,Disney,Children's,D,A,A,D,A,A,D,A,D,B-,A,D,B-,A,D,B-
Death By Glamour,Toby Fox,Children's,C,B,A,B,E,D,G,E,C#,B#,B#,C#,D#,G#,B#,C#
Smile Smile Smile,My Little Pony,Children's,E-,F,E-,B-,E-,F,E-,F,A-,B-,C,E-,A-,B-,A-,B-
Archie Marry Me,Alvvays,Rock,G,D,A,C,G,D,A,C,G,D,D,D,A,C,G,D
Diary,Bread,Rock,G,G,A,G,G,G,A,G,D,D,E,D,C,A,D,D
All for Leyna,Billy Joel,Rock,F,E,A,D,G,G,G,G,A,F,C,G,G,G,A,F
Do I Wanna Know,Arctic Monkeys,Rock,G,E-,C,C,D,G,G,E-,G,G,E-,C,C,D,G,G
Thank You For The Music,ABBA,Rock,E,D#,F#,B,E,B,B,A,B,E,F#,B,E,C#,C#,B
Ready to Die,Andrew WK,Rock,A,A,G,G,A,A,D,D,D,A,D,A,G,G,A,D
Brighter Than Sunshine,Aqualung,Rock,D#,A#,A#,E,B,B,D#,A#,B,E,G#,G#,F#,F#,E,B
Sk8er Boi,Avril Lavigne,Rock,D,A,B,B,D,A,B,C#,F,C,B-,A,F,C,B-,A
Jimmy Neutron Theme,Bowling For Soup,Rock,A,A,A,A,C#,D,A,A,C#,D,A,A,C#,D,B,C#
I Miss You,Blink 182,Rock,B,F#,G#,F#,B,F#,G#,F#,B,F#,B,F#,E,B,F#,B
Mardy Bum,Arctic Monkeys,Rock,D,A,G,F#,E,A,D,D,G,A,D,D,A,B,B,B
Fire Pils Og En Pizza,Aage Aleksandersen,Rock,C,B-,B-,C,C,B-,E-,B-,C,B-,B-,C,E-,D,C,B-
Nightfall,Blind Guardian,Rock,D#,B,D#,A#,B,A#,B,A#,A#,F#,C#,D#,A#,A#,F#,C#
I Don't Want To Miss A Thing,Aerosmith,Rock,D,A,B,G,D,E,F#,G,D,A,E,G,A,D,A,E
Whataya Want from Me,Adam Lambert,Rock,B,A,D,G,D,G,B,A,G,A,B,D,G,A,B,D
The Quiet Things That No One Ever Knows,Brand New,Rock,F#,B,D#,B,F#,B,D#,B,F#,D#,B,C#,F#,D#,B,C#
Hook,Blues Traveler,Rock,A,E,F#,C#,D,A,D,E,A,E,F#,C#,D,A,D,E
The Lord Of The Rings,Blind Guardian,Rock,G#,F#,B,D#,G#,B,F#,D#,D#,C#,A#,B,D#,C#,A#,B
Supersonic,Bad Religion,Rock,E,G,E,C,B,E,G,E,C,D,G,D,C,D,G,B
Coffee and TV,Blur,Rock,B,A#,E,G#,F#,F#,F#,B,C#,B,A,C#,E,A,B,C#
Hooked On A Feeling,Blue Swede,Rock,A-,E-,A-,A-,D-,D-,A-,E-,E-,E-,A-,E-,D-,E-,A-,A-
Living On A Prayer,Bon Jovi,Rock,E,E,E,E,C,D,E,E,E,C,D,D,G,G,D,D
Heart Of Glass,Blondie,Rock,E,E,C#,E,E,E,C#,E,A,F#,E,E,A,F#,E,E
Woman In Love,Barbra Streisand,Rock,D#,G#,D#,G#,B,C#,F#,C#,D#,A#,D#,A#,D#,A#,D#,A#
Highway to Hell,AC DC,Rock,A,A,A,D,D,D,D,D,E,A,D,D,D,D,A,D
Gimme All Your Love,Alabama Shakes,Rock,D,A,D,F#,D,A,D,F#,D,A,D,E,F#,E,D,A
Plans,Birds of Tokyo,Rock,D,E-,B-,D,E-,B-,D,E-,G,E-,B-,G,E-,B-,G,E-
Harvest of Sorrow,Blind Guardian,Rock,D#,A#,D#,D#,D#,A#,D#,D#,F#,C#,B,B,D#,A#,B,B
Movin Out,Billy Joel,Rock,D,G,C,E,F,F,F,D,F,B-,C,G,A,D,D,B-
Future Retro,Animusic,Rock,E-,G,A-,E-,G,A-,E-,E-,B-,E-,G-,B-,C,D-,B-,E-
Does Your Mother Know,ABBA,Rock,G,G,E,G,C,G,A,G,G,G,C,C,G,C,G,C
My Happy Ending,Avril Lavigne,Rock,B,G,D,D,A,A,B,G,G,D,A,B,A,A,G,D
You Should've Gone To School,BC Camplight,Rock,G,B,E,F#,C,F#,C,F#,G,C,C,C,E,A,A,E
What's My Age Again,Blink 182,Rock,B,F#,C#,D#,B,F#,C#,D#,F#,C#,C#,D#,D#,B,B,F#
Love The Way You Lie,Eminem ft Rihanna,R & B,G,E-,B-,B-,G,E-,B-,B-,G,E-,B-,F,G,E-,B-,F
Hold On We're Going Home,Drake,R & B,B,A,A,D,D,F#,E,B,E,B,B,A,A,D,D,F#
Just The Way You Are,Bruno Mars,R & B,F,F,D,D,B-,B-,F,F,F,F,D,D,B-,B-,F,F
Genie in a Bottle,Christina Aguilera,R & B,F,E-,D-,F,E-,D-,F,E-,F,E-,D-,C,F,E-,D-,C
We Need A Resolution,Aaliyah,R & B,C#,B,B,B,B,C#,C#,B,C#,B,B,B,B,B,C#,C#
Rather Die Young,Beyonce,R & B,B,B,D#,A#,A#,B,B,D#,E,D#,C#,B,C#,D#,E,F#
Say My Name,Destiny's Child,R & B,C,A-,F,B-,B-,C,A-,F,C,A-,F,B-,B-,C,A-,F
Born to make you happy,Britney Spears,R & B,B,E,G,F#,B,E,G,F#,B,G,D,A,B,G,D,A
Your Song,Elton John,R & B,E-,A-,B-,G,C,C,A-,A-,B-,C,F,A-,B-,C,F,A-
Bills Bills Bills,Destiny's Child,R & B,B,F#,B,F#,E,F#,E,F#,B,F#,A,E,B,F#,A,E
We Are Here,Alicia Keys,R & B,D,A,A,G,G,A,A,A,D,A,A,G,G,A,A,A
No No No Part 2,Destiny's Child,R & B,C,C,C,C,C,C,C,C,C,C,C,C,C,C,C,C
Sail On,Commodores,R & B,D,E,E,D,D,E,E,D,D-,D-,G-,D-,G-,A-,D-,D-
Fanny Be Tender With My Love,Bee Gees,R & B,E,B,E,B,E,B,E,B,A,G#,F#,B,C#,A,G#,F#
Carol Of The Bells,John Williams,Holiday,G#,F#,E,D#,E,B,C#,G#,G#,F#,G#,A#,E,G#,G#,G#
Merry Xmas Everybody,Slade,Holiday,G,B,D,D,G,B,D,D,G,B,B,D,G,B,B,B
Fairytale of New York,The Pogues and Kirsty MacColl,Holiday,D,D,A,D,G,A,D,D,A,D,G,G,A,D,D,B
O Holy Night,Josh Groban,Holiday,B,B,E,B,B,B,F#,F#,G#,D#,C#,G#,F#,B,F#,F#
Death By Glamour,Toby Fox,Holiday,C,B,A,B,E,D,G,E,C#,B#,B#,C#,D#,G#,B#,C#
Christmas Time Is Here,Vince Guaraldi,Holiday,F,E,F,E,E,B-,A,A,D,G,D,G,A,E,C,G
Something New ,Axwell and Ingrosso,House,B,B,B,B,G#,F#,E,E,B,B,E,G#,F#,E,B,B
Waiting For Love,Avicii,House,F#,C#,D,E,F#,C#,D,E,D,A,F#,D,A,F#,D,C#
Digital Love,Daft Punk,House,D,D,C#,F#,E,D,D,C#,D,D,C#,F#,E,D,D,C#
Dear Boy,Avicii,House,D,E,F#,A,D,E,F#,A,D,E,F#,C#,D,E,C#,F#
Ghost Town,Adam Lambert,House,C,E,G,A,C,E,G,A,C,C,C,B,B,E,E,E
Faded,Alan Walker,House,D#,B,F#,C#,D#,B,F#,C#,D#,D#,B,B,F#,F#,C#,C#
Rather Be,Clean Bandit,House,G#,D#,E,B,G#,D#,E,B,G#,G#,G#,D#,E,E,E,B
Sweet Nothing,Calvin Harris,House,E,B,G#,F#,E,B,G#,F#,E,B,G#,F#,E,B,G#,F#
This Is What You Came For ft Rihanna,Calvin Harris,House,A,F,G,C,A,F,G,C,F,F,F,F,F,F,F,F
I'm Gonna Get You,Bizarre Inc,House,F,C,F,C,F,C,F,C,F,F,C,C,C,F,F,C
Million Reasons,Lady Gaga,Singer-Songwriter,C,A,F,G,C,A,F,G,F,C,A,G,F,C,A,G
A Thousand Years,Christina Perri,Singer-Songwriter,E-,E-,B-,B-,G,F,B-,E-,C,C,G,F,B-,B-,F,G
Suspended In Gaffa,Kate Bush,Singer-Songwriter,G,F,D,G,F,A,E,G,C,A,G,F,C,A,G,F
You Get What You Give,New Radicals,Singer-Songwriter,D,C#,D,C#,D,C#,E,A,G,A,A,F#,B,A,G,A
Poker Face Acoustic,Lady Gaga,Singer-Songwriter,B-,D,E-,E-,B-,D,F,E-,B-,D,E-,F,B-,D,E-,F
Hungry Like The Wolf,Duran Duran,Singer-Songwriter,E,E,E,E,D,D,E,E,C,G,F,F,C,G,F,D
Electric Kiss,Lady Gaga,Singer-Songwriter,C,G,B-,A-,G,C,G,B-,C,G,C,A-,G,C,A-,G
Someone Like You,Adele,Singer-Songwriter,D,A,C#,F#,D,A,C#,F#,A,E,F#,D,A,E,F#,D
It's Too Late,Carole King,Singer-Songwriter,A,B,A,B,A,G,F,F,F,D,F,D,F,D,F,D
A Fond Farewell,Elliott Smith,Singer-Songwriter,F#,B,F#,G#,D#,E#,B,G#,B,F#,F#,G#,B,F#,D#,G#
Bachelorette,Bjork,Singer-Songwriter,G,C,C,G,G,A,A,G,C,C,A-,D,C,C,A-,D
Human Behaviour,Bjork,Singer-Songwriter,A,A,A,A,A,A,A,A,B-,B-,B-,B-,B-,B-,B-,B-
All 'Bout The Money,Meja,Singer-Songwriter,E,B,A,A,E,B,A,A,A,B,G#,B,A,B,C#,B
Say Something,A Great Big World,Singer-Songwriter,F,F,A,A,B-,B-,F,C,B,G,D,A,B,G,D,A
Take Me To Church,Hozier,Singer-Songwriter,E,A,E,A,G,A,E,A,G,B,B,B,E,B,G,A
Coming Around Again,Carly Simon,Singer-Songwriter,C,A,F,C,C,A,F,C,F,D,F,F,F,E,A,G
Cloudbusting,Kate Bush,Singer-Songwriter,C#,C#,B,B,F#,A,A,A,B,C#,B,A,B,C#,B,A
Casanova,Allie X,Singer-Songwriter,G,B,E,G,B,E,G,B,G,A,B,E,G,A,B,E
Wuthering Heights,Kate Bush,Singer-Songwriter,A,F#,E,A,A,F#,E,A,G-,E-,A-,D-,G-,A-,D-,G-
Flowers and Balloons,Bent Van Looy,Singer-Songwriter,G,E-,E-,C,G,E-,E-,C,G,B-,F,F,F,G,B-,F
Shake It,Metro Station,Singer-Songwriter,B,C#,E,A,A,B,C#,E,A,A,E,B,C#,E,A,A
Movin Out,Billy Joel,Singer-Songwriter,D,G,C,E,F,F,F,D,F,B-,C,G,A,D,D,B-
Telephone,Lady Gaga,Singer-Songwriter,F,A,B-,F,F,A,B-,F,F,A,B-,F,F,A,B-,F
Don't Dream It's Over,Crowded House,Singer-Songwriter,E-,C,A-,G,E-,C,A-,G,A-,B-,E-,C,A-,B-,E-,C
Knowing Me Knowing You,ABBA,Blues,D,E,E,B,B,F#,F#,D,B,G,A,A,D,G,A,A
Breakfast At Tiffany's,Deep Blue Something,Blues,D,G,A,D,G,A,D,G,G,A,D,A,B,G,D,A
Something Good,Alt-J,Blues,E,C,G,E,C,G,E,C,E,D,G,B,E,D,G,B
Castles Made of Sand,Jimi Hendrix,Blues,F,A,E,F,C,G,G,F,B,G,B,F#,B,G,B,G
Broken Strings,James Morrison ft Nelly Furtado,Blues,B-,D-,G-,B-,D-,G-,E-,B-,E-,B-,D-,A-,E-,B-,D-,A-
Old Money,Lana Del Rey,Blues,B-,G-,D-,F,B-,B-,G-,D-,D-,B-,F,A-,D-,B-,F,A-
Hotel California,Eagles,Blues,B,F#,A,E,G,D,E,F#,G,D,F#,B,G,D,E,F#
K3 Loves You,K3,Blues,D,D,D,D,A,A,D,D,G,G,C,C,A,A,G,D
Stop,Sam Brown,Blues,E,E,D,E,B,B,B,F#,G,F#,B,E,E,G,F#,F#
Baby Doll,Bessie Smith,Blues,F,C,C,C,F,C,C,C,F,F,C,C,C,F,F,C
I See Fire,Ed Sheeran,Blues,B-,D-,A-,G-,B-,D-,A-,E-,B-,G-,A-,B-,B-,G-,A-,B-
Take Me To Church,Hozier,Blues,E,A,E,A,G,A,E,A,G,B,B,B,E,B,G,A
Playgirl,Ladytron,Blues,G#,B,F#,C#,F#,C#,G#,B,B,F#,C#,G#,B,F#,C#,G#
I Wanna Be Where You Are,Jackson 5,Blues,B,E,G,C#,D,B,E,G,F#,B,E,A,F#,B,E,A
Piano Man,Billy Joel,Blues,C,G,F,C,F,C,G,G,C,G,F,C,F,C,G,G
The Man Comes Around,Johnny Cash,Blues,C,C,C,C,C,C,C,C,C,C,C,C,C,F,C,G
Desperado,Eagles,Blues,E,B,C,G,E,D,D,D,G,D,C,A,G,E,D,D
Stand By Me,Ben E King,Blues,A,A,F#,F#,D,E,A,A,A,A,F#,F#,D,E,A,A
Bailamos,Enrique Iglesias,Blues,A,D,G,F,A,A,D,G,A,F,C,G,E,A,G,F
Too Late To Apologize,One Republic,Blues,C,F,E-,B-,C,F,E-,B-,C,F,E-,B-,C,F,E-,B-
Night Minds,Missy Higgins,Country,E-,B-,A-,A-,E-,B-,A-,A-,E-,B-,A-,A-,E-,B-,A-,A-
United Breaks Guitars,Dave Carroll,Country,D,G,A,A,D,G,G,A,G,D,G,D,A,G,A,G
Million Reasons,Lady Gaga,Country,C,A,F,G,C,A,F,G,F,C,A,G,F,C,A,G
Something In The Water,Brooke Fraser,Country,C,F,C,A,G,C,C,F,A,C,G,C,F,C,F,G
Brown Eyes,Lady Gaga,Country,B-,D,E-,E-,B-,D,E-,E-,B-,F,E-,F,D,B-,F,E-
Can't Fight The Moonlight,LeAnn Rimes,Country,B,E,A,G,B,E,A,G,C#,F#,B,A,B,C#,F#,B
So Small,Carrie Underwood,Country,C,A-,E-,B-,C,A-,E-,B-,C,A-,E-,B-,C,A-,E-,B-
Tiny Dancer,Elton John,Country,C,F,C,F,C,C,F,F,F,C,D,D,C,F,C,G
Because Of You,Kelly Clarkson,Country,A-,C,F,E-,A-,C,F,E-,F,D-,E-,F,D-,E-,E-,B-
Two Feet of Topsoil,Brad Paisley,Country,C,A,G,C,C,C,A,G,G,F,C,G,F,C,G,F
I Can't Make You Love Me,Bonnie Raitt,Country,E-,G,G,E-,E-,B-,G,C,B-,E-,B-,E-,E-,B-,B-,E-
Wake Me Up,Avicii,Country,B,G,D,D,B,G,D,F#,B,G,D,D,B,G,D,F#
Stuck On Fuckin You,Lady Gaga,Country,A,G#,G#,A,G#,G#,A,G#,F,C,G,A,G,F,C,G
Blown Away,Carrie Underwood,Country,A,C,G,G,E,A,C,G,A,C,G,G,E,A,C,G
Down On The Corner,Creedence Clearwater Revival,Country,C,G,C,C,G,C,F,C,F,C,G,C,F,C,G,C
Unwell,Matchbox 20,Country,D,E,A,F#,D,E,F#,D,A,D,F#,E,A,D,F#,E
I See Fire,Ed Sheeran,Country,B-,D-,A-,G-,B-,D-,A-,E-,B-,G-,A-,B-,B-,G-,A-,B-
Cotton Eye Joe,Rednex,Country,A,A,D,E,A,A,D,E,A,A,D,E,A,A,D,E
The Days,Avicii,Country,C,G,D,D,D,E,A,C,F,C,G,A,F,C,G,A
Crash My Party,Luke Bryan,Country,E,C,G,D,E,C,G,D,C,G,E,D,C,G,E,D
Roller Coaster,Luke Bryan,Country,A-,A-,E-,E-,F,F,D-,D-,A-,A-,E-,E-,F,F,D-,D-
I Wanna Be Where You Are,Jackson 5,Country,B,E,G,C#,D,B,E,G,F#,B,E,A,F#,B,E,A
Love Me Tender,Elvis Presley,Country,D,D,A,A,A,A,D,D,D,A,B,A,G,G,D,D
You And I,Lady Gaga,Country,A,B,D,A,D,A,B,D,D,A,G,D,A,G,D,A
All American Girl,Carrie Underwood,Country,D,A,B,A,D,A,B,A,D,A,B,A,D,A,B,A
The Nights,Avicii,Country,D#,D#,C#,D#,D#,D#,C#,D#,B,F#,C#,D#,C#,B,F#,C#
The Gambler,Kenny Rogers,Country,E-,A-,E-,E-,E-,B-,E-,A-,E-,A-,E-,A-,E-,E-,B-,E-
Goodbye Earl,Dixie Chicks,Country,C,F,C,G,C,F,C,G,C,F,C,G,F,C,F,C
Don't Let's Talk About Lisa,Lonestar,Country,E,E,D,A,E,E,D,A,D,E,A,D,E,A,D,E
Bailamos,Enrique Iglesias,Country,A,D,G,F,A,A,D,G,A,F,C,G,E,A,G,F
John Wayne,Lady Gaga,Country,B,A#,B,A#,E,E,D#,A#,B,A#,B,A#,E,D#,A#,B
Even If It Breaks Your Heart,Eli Young Band,Country,F,G,C,F,C,G,F,G,F,C,A,G,F,C,A,G
My Heart Will Go On,Celine Dion,Soul,E-,B-,A-,E-,B-,E-,B-,A-,C,B-,A-,B-,C,B-,A-,B-
When We Were Young,Adele,Soul,C,E-,A-,E-,F,E-,C,E-,E-,E-,A-,B-,E-,E-,A-,B-
Seven Days in Sunny June,Jamiroquai,Soul,A,F#,D,G#,G#,A,F#,D,B,F#,B,F#,F#,G#,A,D
Vision of Love,Mariah Carey,Soul,C,C,F,E-,E-,C,G,C,C,D,F,G,C,C,C,E-
Inside My Love,Minnie Riperton,Soul,G-,B-,A-,G-,B-,A-,G-,B-,E-,A-,D-,F,D-,E-,A-,D-
Loud Places,Jamie xx,Soul,E,G#,D#,D#,E,G#,D#,D#,C#,G#,D,F#,C#,G#,F#,F#
Canned Heat,Jamiroquai,Soul,D,A,A,B-,B-,C,G,G,D,B-,G,G,D,B-,G,G
Pay No Mind ft Passion Pit,Madeon,Soul,A-,B-,F,G-,A-,B-,F,G-,G-,B-,A-,D-,G-,G-,B-,A-
Beautiful,Christina Aguilera,Soul,E-,E-,C-,F,E-,E-,C-,F,A-,F,E-,E-,C-,A-,F,E-
No No No Part 2,Destiny's Child,Soul,C,C,C,C,C,C,C,C,C,C,C,C,C,C,C,C
Sail On,Commodores,Soul,D,E,E,D,D,E,E,D,D-,D-,G-,D-,G-,A-,D-,D-
Let's Get It On,Marvin Gaye,Soul,E-,G,A-,B-,E-,G,A-,B-,E-,G,A-,B-,E-,G,A-,B-
Heartbreaker,Mariah Carey,Soul,B-,D-,B-,D-,B-,D-,B-,D-,D-,B-,D-,B-,D-,B-,D-,B-
American Boy,Estelle,Soul,E,C,A,A,D,E,C,A,E,E,E,C,C,C,A,A
Archie Marry Me,Alvvays,Pop,G,D,A,C,G,D,A,C,G,D,D,D,A,C,G,D
Problem,Ariana Grande,Pop,E,F#,B,B,E,F#,G#,G#,G#,G#,G#,G#,G#,G#,G#,G#
Knowing Me Knowing You,ABBA,Pop,D,E,E,B,B,F#,F#,D,B,G,A,A,D,G,A,A
Beautiful Life,Armin van Buuren,Pop,F,A,B-,C,A,C,B-,C,F,A,B-,C,A,C,B-,C
Moi Lolita,Alizee,Pop,B,G,E,A,A,B,G,E,E,A,B,G,E,A,B,G
Gimme Gimme Gimme A Man After Midnight,ABBA,Pop,D,C,A,D,G,G,G,D,D,G,C,D,G,D,C,D
Phoenix,All Levels at Once,Pop,D#,E#,D#,A#,D#,E#,D#,A#,D#,B,F#,C#,D#,B,F#,C#
Thank You For The Music,ABBA,Pop,E,D#,F#,B,E,B,B,A,B,E,F#,B,E,C#,C#,B
Ready to Die,Andrew WK,Pop,A,A,G,G,A,A,D,D,D,A,D,A,G,G,A,D
Brighter Than Sunshine,Aqualung,Pop,D#,A#,A#,E,B,B,D#,A#,B,E,G#,G#,F#,F#,E,B
When We Were Young,Adele,Pop,C,E-,A-,E-,F,E-,C,E-,E-,E-,A-,B-,E-,E-,A-,B-
Someone Like You,Adele,Pop,D,A,C#,F#,D,A,C#,F#,A,E,F#,D,A,E,F#,D
Mamma Mia,ABBA,Pop,D,G,G,G,G,G,G,G,D,G,D,G,D,G,G,G
Surfing On A Rocket,Air,Pop,E-,E-,C,E-,E-,E-,C,C,A-,B-,B-,D,F,A-,B-,B-
Love Me Harder ft The Weeknd,Ariana Grande,Pop,A,C#,F#,G#,A,C#,F#,G#,A,C#,F#,G#,G#,A,G#,C#
Better off Alone,Alice Deejay,Pop,E,D#,G#,F#,E,D#,G#,F#,E,D#,G#,F#,E,D#,G#,F#
Girl On Fire,Alicia Keys,Pop,B,G,E,F#,B,G,E,F#,A,F#,C#,E,A,F#,C#,E
All That She Wants,Ace of Base,Pop,C#,C#,C#,C#,G#,G#,F#,F#,C#,C#,C#,C#,G#,G#,F#,F#
Skyfall,Adele,Pop,C,A-,F,C,A-,F,C,A-,C,C,A-,E-,F,E-,G,G
Dancing Queen,ABBA,Pop,A,D,A,F#,E,E,E,F#,E,E,F#,E,D,B,A,D
Say Something,A Great Big World,Pop,F,F,A,A,B-,B-,F,C,B,G,D,A,B,G,D,A
The Winner Takes It All,ABBA,Pop,C#,F#,F#,C#,C#,G#,G#,C#,C#,F#,F#,C#,D#,D#,C#,G#
I Saw The Sign,Ace Of Base,Pop,G,E,A,D,G,E,A,D,G,E,C,D,G,E,C,D
Forever Young,Alphaville,Pop,C,G,A,F,G,D,F,A,C,G,A,F,G,D,F,G
Heartbeat,Annie,Pop,F#,D,B,C#,F#,D,B,C#,G,F#,B,F#,G,F#,B,F#
One Word,Anouk,Pop,C#,G#,D#,D#,C#,G#,D#,D#,C#,B,C#,B,C#,B,C#,B
Money Money Money,ABBA,Pop,A,A,E,E,A,A,E,E,A,E,B,E,A,A,E,B
Casanova,Allie X,Pop,G,B,E,G,B,E,G,B,G,A,B,E,G,A,B,E
The Girl From Ipanema,Astrud Gilberto and Stan Getz,Pop,E-,E-,A-,A-,D-,D-,A-,A-,D-,D-,E-,E-,E-,A-,D-,F
Amnesia,5 Seconds Of Summer,Pop,D,G,D,G,E,G,D,G,D,A,B,G,D,A,B,G
Apocalypse,All Levels at Once,Pop,G#,B,F#,E,G#,B,F#,E,E,C#,F#,D#,G#,G#,E,C#
Does Your Mother Know,ABBA,Pop,G,G,E,G,C,G,A,G,G,G,C,C,G,C,G,C
Somebody That I Used To Know,Gotye,Experimental,D,C,D,C,D,C,D,C,D,C,B-,C,D,C,B-,C
Bros,Panda Bear,Experimental,D,D,D,D,D,D,D,D,D,A,G,D,A,G,D,A
Backseat ft Carly Rae Jepsen,Charli XCX,Experimental,B-,D,C,B-,D,C,B-,D,B-,D,C,B-,D,C,B-,D
White Moon,The White Stripes,Experimental,E,A,B,E,E,E,A,B,E,G#,D#,F#,B,A,B,E
Flavors,Jack Conte,Experimental,D-,F,C,A-,D-,F,C,A-,G#,F#,F#,F#,G#,F#,F#,F#
The Gluten Free Mambo Tango Experience,andres,Experimental,F,E,A,D,G,C,F,B-,C,C,F,B,E,E,C,E
Hey QT,QT,Experimental,D,D,C,C,F,F,C,C,D,D,C,C,F,F,B-,B-
La Vida Es Un Carnaval,Celia Cruz,World,C,C,A-,G,C,C,A-,G,C,C,A-,G,C,C,A-,G
Love Myself,Hailee Steinfeld,Disney,C,G,B-,C,E-,C,G,B-,C,G,B-,C,E-,C,G,B-
I'll Make A Man Out Of You,Disney,Disney,E,D,G,D,E,A,D,E,E,D,G,C,D,D,E,C
A Whole New World,Disney,Disney,D,D,A,D,D,G,A,E,D,A,D,A,D,D,A,D
Circle Of Life,Carmen Twillie,Disney,F,F,B-,C,F,B-,G,C,F,F,B-,E-,B-,F,E-,E-
My Heart Will Go On,Celine Dion,Disney,E-,B-,A-,E-,B-,E-,B-,A-,C,B-,A-,B-,C,B-,A-,B-
Oogie Boogie's Song - Nightmare Before Christmas,Danny Elfman,Disney,A-,A-,A-,A-,G,A-,G,F,D#,G#,A#,D#,B,A#,G#,E#
Stick to the Status Quo,High School Musical,Disney,F,E-,E-,F,C,C,C,F,D,B-,F,C,D,B-,B-,F
Jack's Lament,Danny Elfman,Disney,B-,F,D-,G-,G-,F,E-,F,D,G,B,E,D,E,D,E
Sally's Song - The Nightmare Before Christmas,Catherine O'Hara - Danny Elfman,Disney,E,E,F#,F#,B,E,E,B,F#,F#,E,B,A,C,F#,E
For the First Time in Forever,Kristen Bell and Idina Menzel,Disney,F,B-,F,B-,F,F,C,F,C,G,F,B-,C,F,A,D
This Is Halloween - The Nightmare Before Christmas,Danny Elfman,Disney,C,D,D,C,C,B-,B-,C,G#,E,G#,E,G#,D#,G#,E
Can't Stop Singing,Teen Beach Movie,Disney,C,C,G,F,F,C,A,F,F,G,A,D,F,F,C,C
Love Is an Open Door,Kristen Bell and Santino Fontana,Disney,D,D,D,D,G,G,D,D,D,F#,E,G,D,F#,E,G
Let It Go,Idina Menzel,Disney,B-,B-,F,D-,E-,B-,B-,F,A-,E-,F,D-,A-,E-,F,D-
Teen Beach Movie - Falling For Ya,Grace Phipps,Disney,D,B,E,A,D,B,E,A,D,B,E,A,D,B,E,A
Reflection,Disney,Disney,F#,D#,G#,G#,C#,F#,D#,E#,A,F#,E,D,D,D,A,E
Friend Like Me - Aladdin,Disney,Disney,D,A,A,D,A,A,D,A,D,B-,A,D,B-,A,D,B-
Death By Glamour,Toby Fox,Disney,C,B,A,B,E,D,G,E,C#,B#,B#,C#,D#,G#,B#,C#
Song From A Secret Garden,Secret Garden,K-pop,C,F,B-,E-,A-,F,G,G,A-,B-,G,C,F,B-,E-,B-
Whistle,Blackpink,K-pop,D-,D-,D-,D-,D-,D-,D-,D-,A,A,A,B,B,B,E,E
Let's Go,Girl's Day,K-pop,D,E,A,D,D,B,A,G,D,E,D,G,A,A,F#,B
Alone,Sistar,K-pop,E,E,B,B,E,E,B,B,E,E,B,B,E,E,B,B
Shooting Star,Lovelyz,K-pop,F,B,E,A,F,B,E,E,D,G,E,D,D,B,F#,A
Call Me Baby,EXO,K-pop,B-,B-,C,D-,E-,E-,E-,E-,B-,B-,E-,B-,B-,E-,E-,E-
Excuse Me,BESTie,K-pop,E,E,A,A,B,B,C,C,C,C,C,C,A,A,A,A
Sting,Stellar,K-pop,D,E,C,D,E,C,D,E,D,E,C,A,A,D,E,C
Beautiful,Park Boram,K-pop,D,G,C,A,A,A,F,A,D,G,C,A,A,F,A,D
Coloring Book,Oh My Girl,K-pop,C,D,E,D,E,E,C,D,C,C,C,C,C,D,D,D
Into The New World,Girls' Generation,K-pop,C,B,E,A,B,E,C,B,C,D,E,C,D,E,C,B
Glass Shoes,fromis_9,K-pop,E-,F,D,G,F,E-,F,D,B-,E-,F,D,G,E-,F,D
Twinkle,Lovelyz,K-pop,C,G,A,D,G,D,C,G,D,C,G,A,D,F#,E,C
On To Grasstown,Cave Story,Soundtrack,C,C,B-,B-,C,C,B-,B-,C,G,F,F,C,G,F,F
Boom Clap,Charli XCX,Soundtrack,A,B,E,C#,A,B,E,C#,A,B,E,C#,A,B,E,C#
Jimmy Neutron Theme,Bowling For Soup,Soundtrack,A,A,A,A,C#,D,A,A,C#,D,A,A,C#,D,B,C#
Oogie Boogie's Song - Nightmare Before Christmas,Danny Elfman,Soundtrack,A-,A-,A-,A-,G,A-,G,F,D#,G#,A#,D#,B,A#,G#,E#
Super Hexagon Theme 1,Chipzel,Soundtrack,B-,B-,B-,B-,G-,G-,A-,F,B-,B-,B-,B-,G-,G-,A-,A-
Jack's Lament,Danny Elfman,Soundtrack,B-,F,D-,G-,G-,F,E-,F,D,G,B,E,D,E,D,E
Sally's Song - The Nightmare Before Christmas,Catherine O'Hara - Danny Elfman,Soundtrack,E,E,F#,F#,B,E,E,B,F#,F#,E,B,A,C,F#,E
Into The West,Annie Lennox,Soundtrack,C,G,D,A,C,G,D,A,C,F,C,G,C,F,C,G
Laura Palmer's Theme,Angelo Badalamenti,Soundtrack,A-,C,A-,C,C,C,A-,C,C,A,A,F,F,F,D,F
This Is Halloween - The Nightmare Before Christmas,Danny Elfman,Soundtrack,C,D,D,C,C,B-,B-,C,G#,E,G#,E,G#,D#,G#,E
Once Upon A December,Anastasia,Soundtrack,B,F#,F#,E,E,B,E,F#,E,E,B,B,F#,F#,B,B
Connect,ClariS,Soundtrack,A,A,B,B,B,G#,D#,C#,D,D,C,D,D,B,E,E
Coming Around Again,Carly Simon,Soundtrack,C,A,F,C,C,A,F,C,F,D,F,F,F,E,A,G
Otis,Chipzel,Soundtrack,E,E,G,A,C,C,C,G,E,E,E,E,C,C,G,G
Okami - Reset,Capcom,Soundtrack,A,E,A,E,A,E,D,E,F,G,A,E,F,G,C,F
Beautiful Life,Armin van Buuren,Electronic,F,A,B-,C,A,C,B-,C,F,A,B-,C,A,C,B-,C
Phoenix,All Levels at Once,Electronic,D#,E#,D#,A#,D#,E#,D#,A#,D#,B,F#,C#,D#,B,F#,C#
Good For Me - Ambient Mix -,Above and Beyond,Electronic,D-,A-,E-,D-,A-,E-,D-,A-,D-,A-,E-,D-,A-,E-,D-,A-
Better off Alone,Alice Deejay,Electronic,E,D#,G#,F#,E,D#,G#,F#,E,D#,G#,F#,E,D#,G#,F#
Faded,Alan Walker,Electronic,D#,B,F#,C#,D#,B,F#,C#,D#,D#,B,B,F#,F#,C#,C#
Heartbeat,Annie,Electronic,F#,D,B,C#,F#,D,B,C#,G,F#,B,F#,G,F#,B,F#
This Is What It Feels Like,Armin van Buuren,Electronic,F,D-,A-,F,D-,A-,F,D-,F,D-,A-,E-,F,D-,A-,C
Orbion,Armin Van Buuren,Electronic,D#,G#,D#,A#,D#,B,C#,G#,D#,B,G#,B,G#,C#,D#,A#
Casanova,Allie X,Electronic,G,B,E,G,B,E,G,B,G,A,B,E,G,A,B,E
How You Love Me,3LAU,Electronic,B-,B-,B-,B-,B-,D-,D-,D-,B-,D-,D-,A-,G-,A-,B-,D-
Future Retro,Animusic,Electronic,E-,G,A-,E-,G,A-,E-,E-,B-,E-,G-,B-,C,D-,B-,E-
Apocalypse,All Levels at Once,Electronic,G#,B,F#,E,G#,B,F#,E,E,C#,F#,D#,G#,G#,E,C#
Breezeblocks,Alt-J,Electronic,F,A,D,D,F,A,D,D,F,A,D,D,F,A,D,D
Beautiful Life,Armin van Buuren,Techno,F,A,B-,C,A,C,B-,C,F,A,B-,C,A,C,B-,C
Ecuador,Sash,Techno,B,D,A,B,F#,B,D,A,B,D,A,B,F#,B,D,A
Better off Alone,Alice Deejay,Techno,E,D#,G#,F#,E,D#,G#,F#,E,D#,G#,F#,E,D#,G#,F#
Night Changes ,One Direction ,Techno,A-,A-,F,F,C,C,E-,E-,D-,E-,D-,E-,D-,E-,A-,E-
I Write Sins Not Tragedies ,Panic At The Disco ,Techno,A,A,A,A,D,D,B,B,A,F,D,G,A,F,D,G
Playgirl,Ladytron,Techno,G#,B,F#,C#,F#,C#,G#,B,B,F#,C#,G#,B,F#,C#,G#
Mr Brightside,The Killers,Techno,D-,A-,G-,G-,D-,A-,G-,G-,D-,G-,B-,A-,D-,G-,B-,A-
